"","Win","Loose","Tie","WR","WO","GPC","GPC_trans"
"endpoint1",116,792,9092,0.14646,0.87336,-0.0676,0.87336
"endpoint2",1170,342,7579,3.42105,1.20041,0.09108,1.20041
"endpoint3",4237,2077,1265,2.03996,1.7972,0.285,1.7972
"overall",5523,3212,1265,1.71949,1.60112,0.2311,1.60112
