"","Win","Loose","Tie","WR","WO","GPC","GPC_trans"
"endpoint1",53,361,9587,0.14681,0.94025,-0.0308,0.94025
"endpoint2",4218,1230,4139,3.42927,1.90559,0.31167,1.90559
"endpoint3",1929,945,1265,2.04127,1.62377,0.23774,1.62377
"overall",6199,2536,1265,2.4444,2.15607,0.3663,2.15607
