"","Win","Loose","Tie","WR","WO","GPC","GPC_trans"
"endpoint1",16,110,9873,0.14545,0.98137,-0.0094,0.98137
"endpoint2",1288,376,8209,3.42553,1.20355,0.09237,1.20355
"endpoint3",4657,2287,1265,2.03629,1.81178,0.28871,1.81178
"overall",5962,2773,1265,2.15002,1.93643,0.3189,1.93643
